-- phpMyAdmin SQL Dump
-- version 4.8.5
-- https://www.phpmyadmin.net/
--
-- Host: 127.0.0.1:3306
-- Creato il: Mar 26, 2020 alle 15:22
-- Versione del server: 5.7.26
-- Versione PHP: 7.2.18

SET SQL_MODE = "NO_AUTO_VALUE_ON_ZERO";
SET AUTOCOMMIT = 0;
START TRANSACTION;
SET time_zone = "+00:00";


/*!40101 SET @OLD_CHARACTER_SET_CLIENT=@@CHARACTER_SET_CLIENT */;
/*!40101 SET @OLD_CHARACTER_SET_RESULTS=@@CHARACTER_SET_RESULTS */;
/*!40101 SET @OLD_COLLATION_CONNECTION=@@COLLATION_CONNECTION */;
/*!40101 SET NAMES utf8mb4 */;

--
-- Database: `sign_fix`
--
CREATE DATABASE IF NOT EXISTS `sign_fix` DEFAULT CHARACTER SET latin1 COLLATE latin1_swedish_ci;
USE `sign_fix`;

-- --------------------------------------------------------

--
-- Struttura della tabella `anagrafica`
--

DROP TABLE IF EXISTS `anagrafica`;
CREATE TABLE IF NOT EXISTS `anagrafica` (
  `ID` int(11) NOT NULL AUTO_INCREMENT,
  `codice_anagrafica` varchar(50) COLLATE utf8_unicode_ci NOT NULL,
  `id_anagrafica` int(11) NOT NULL,
  `valore` varchar(80) COLLATE utf8_unicode_ci NOT NULL,
  PRIMARY KEY (`ID`)
) ENGINE=InnoDB AUTO_INCREMENT=6 DEFAULT CHARSET=utf8 COLLATE=utf8_unicode_ci;

--
-- Dump dei dati per la tabella `anagrafica`
--

INSERT INTO `anagrafica` (`ID`, `codice_anagrafica`, `id_anagrafica`, `valore`) VALUES
(1, 'RUOLO', 1, 'AMMINISTRATORE'),
(2, 'RUOLO', 2, 'COORDINATORE'),
(3, 'RUOLO', 3, 'SUPERVISORE'),
(4, 'RUOLO', 4, 'DOCENTE'),
(5, 'RUOLO', 5, 'STUDENTE');

-- --------------------------------------------------------

--
-- Struttura della tabella `authentications`
--

DROP TABLE IF EXISTS `authentications`;
CREATE TABLE IF NOT EXISTS `authentications` (
  `email_student` varchar(50) COLLATE utf8_unicode_ci NOT NULL,
  `code` varchar(255) COLLATE utf8_unicode_ci NOT NULL,
  `code_image` blob,
  PRIMARY KEY (`code`)
) ENGINE=InnoDB DEFAULT CHARSET=utf8 COLLATE=utf8_unicode_ci;

-- --------------------------------------------------------

--
-- Struttura della tabella `companies`
--

DROP TABLE IF EXISTS `companies`;
CREATE TABLE IF NOT EXISTS `companies` (
  `id` int(11) NOT NULL AUTO_INCREMENT,
  `name` varchar(50) COLLATE utf8_unicode_ci NOT NULL,
  PRIMARY KEY (`id`)
) ENGINE=InnoDB AUTO_INCREMENT=67 DEFAULT CHARSET=utf8 COLLATE=utf8_unicode_ci;

--
-- Dump dei dati per la tabella `companies`
--

INSERT INTO `companies` (`id`, `name`) VALUES
(1, 'flowing'),
(2, 'matteo mascellani'),
(3, 'cesare brizio'),
(66, '');

-- --------------------------------------------------------

--
-- Struttura della tabella `courses`
--

DROP TABLE IF EXISTS `courses`;
CREATE TABLE IF NOT EXISTS `courses` (
  `id` int(11) NOT NULL AUTO_INCREMENT,
  `name` varchar(50) COLLATE utf8_unicode_ci DEFAULT NULL,
  `start_year` int(11) DEFAULT NULL,
  `end_year` int(11) DEFAULT NULL,
  `token_calendar` varchar(255) COLLATE utf8_unicode_ci DEFAULT NULL,
  PRIMARY KEY (`id`)
) ENGINE=InnoDB AUTO_INCREMENT=5 DEFAULT CHARSET=utf8 COLLATE=utf8_unicode_ci;

--
-- Dump dei dati per la tabella `courses`
--

INSERT INTO `courses` (`id`, `name`, `start_year`, `end_year`, `token_calendar`) VALUES
(1, 'Turing', 2018, 2020, NULL),
(2, 'McLuhan', 2018, 2020, NULL),
(3, 'Turing', 2019, 2021, NULL),
(4, 'Hopper', 2019, 2021, NULL);

-- --------------------------------------------------------

--
-- Struttura della tabella `google_token`
--

DROP TABLE IF EXISTS `google_token`;
CREATE TABLE IF NOT EXISTS `google_token` (
  `email` varchar(60) COLLATE utf8_unicode_ci NOT NULL,
  `access_token` varchar(255) COLLATE utf8_unicode_ci NOT NULL,
  `refresh_token` varchar(255) COLLATE utf8_unicode_ci NOT NULL,
  `scope` varchar(255) COLLATE utf8_unicode_ci NOT NULL,
  `token_type` varchar(50) COLLATE utf8_unicode_ci NOT NULL,
  `expiry_date` varchar(20) COLLATE utf8_unicode_ci NOT NULL,
  PRIMARY KEY (`email`)
) ENGINE=InnoDB DEFAULT CHARSET=utf8 COLLATE=utf8_unicode_ci;

--
-- Dump dei dati per la tabella `google_token`
--

INSERT INTO `google_token` (`email`, `access_token`, `refresh_token`, `scope`, `token_type`, `expiry_date`) VALUES
('daniele.marocchi.studio@fitstic-edu.com', 'ya29.a0Adw1xeWc_fd_JThCVm5vTyvyqIWMVTsZM6uEBqRzPTxhfe_KsTB9UETqAEhlfVEbG044GzIfP7sfBUnCnH1ozrFYty3VKT0nXXeHZriptSIgz5OMwg_XWmKmnsJKX08jZw1tzLYjy1ZIGsbauPSFmYD56Te1XbPA9OGE6Q', '1//0cQV1XdDEBcMfCgYIARAAGAwSNwF-L9Ir2E1AWn9Qt7fhWQgRCJWlLAvQUurt6DQN7aDM9VU6f0-XMXUmvXTZ3iwlhVdKHXI3Ru4', 'openid https://www.googleapis.com/auth/userinfo.email https://www.googleapis.com/auth/userinfo.profile https://www.googleapis.com/auth/calendar.readonly', 'Bearer', '1584984776718'),
('niccolo.zona.studio@fitstic-edu.com', 'ya29.a0Adw1xeWN56EqJkTFDwrtLz9qYrxVQMdNwos0yXVqIddKIHG8LPIedXebGvc0xed_ZIyy7yLaaD5s-FtJdEfp4St_sOO0fdZl5PC4TG1qxrC5MBV_wJze3GmH4-5imKmCl_ScenhrOse4N1df-hXrX9pY-WHyVjTLlPY', '1//09jKZjQvcnHwRCgYIARAAGAkSNwF-L9IrvRPF_E9vcn0JRgKiPtivzXBhY87XVvm342r9bu9ZhCI6--rFCdNpZWQEKX7tq1rgf88', 'https://www.googleapis.com/auth/userinfo.profile https://www.googleapis.com/auth/userinfo.email openid https://www.googleapis.com/auth/calendar.readonly', 'Bearer', '1584692520574'),
('paolo.valmori.studio@fitstic-edu.com', 'ya29.a0Adw1xeXsh7_G8I6UcHyBqnCyrrawgDV5bzVpDqUmveJ7VFAXM9GauIQER5zD6RdGG0E0YgEBywhMUHKt8J49m8GCDcxS96gJIyE_N609HWXrk-cNEDsIzsQnfneUDQTPJtMwP0oKAq3-lOwiLCquK_3HdzAMPqzutkg', '1//0cbs2uqnrTLS4CgYIARAAGAwSNwF-L9IrK0UTFo3t43CMXAOgjLpQ4iLXPWi_TlaoeLKZoqCn8c_y9Z-HtIy0uNpe3yLV7ZeRQU0', 'https://www.googleapis.com/auth/userinfo.profile openid https://www.googleapis.com/auth/calendar.readonly https://www.googleapis.com/auth/userinfo.email', 'Bearer', '1585073895539'),
('valmori.paolo@gmail.com', 'ya29.a0Ae4lvC07zX5TpHEutQUDLpHhdOOEkhtp_w_fAjjy282nawJ7AUAsDSEhXyT9jr3yRMQVkua2nDUiK8tJu4zZ13U75Q4IgPlSsmw_3UVqf8P8oRIz9cD1whNW_mNGYt7XtnKO_KtgroBYRYwWzbNLoiQniB3FjBUBYpE', '1//0ciD7CUvePl0gCgYIARAAGAwSNwF-L9IrTu4B5fCMIEmCGq3UJ2mG4nxvJ0YzL2HfU57vDjH178H9qc6VbKNerrvq-vkqqDn-18s', 'openid https://www.googleapis.com/auth/calendar.readonly https://www.googleapis.com/auth/userinfo.email https://www.googleapis.com/auth/userinfo.profile', 'Bearer', '1585239538250');

-- --------------------------------------------------------

--
-- Struttura della tabella `judgments`
--

DROP TABLE IF EXISTS `judgments`;
CREATE TABLE IF NOT EXISTS `judgments` (
  `id` int(11) NOT NULL AUTO_INCREMENT,
  `id_questionnaire` int(11) DEFAULT NULL,
  `vote` int(11) NOT NULL,
  `email_user_receiving` varchar(50) COLLATE utf8_unicode_ci NOT NULL,
  `email_user_sender` varchar(50) COLLATE utf8_unicode_ci NOT NULL,
  PRIMARY KEY (`id`)
) ENGINE=InnoDB DEFAULT CHARSET=utf8 COLLATE=utf8_unicode_ci;

-- --------------------------------------------------------

--
-- Struttura della tabella `lessons`
--

DROP TABLE IF EXISTS `lessons`;
CREATE TABLE IF NOT EXISTS `lessons` (
  `id` int(11) NOT NULL AUTO_INCREMENT,
  `lesson` varchar(50) COLLATE utf8_unicode_ci DEFAULT NULL,
  `email_signature` varchar(50) COLLATE utf8_unicode_ci DEFAULT NULL,
  `companies_id` int(11) DEFAULT NULL,
  `classroom` varchar(50) COLLATE utf8_unicode_ci DEFAULT NULL,
  `id_course` int(11) DEFAULT NULL,
  `date` date DEFAULT NULL,
  `start_time` float DEFAULT NULL,
  `end_time` float DEFAULT NULL,
  `total_hours` float DEFAULT NULL,
  `creation_date` varchar(10) COLLATE utf8_unicode_ci DEFAULT NULL,
  `modify_date` varchar(10) COLLATE utf8_unicode_ci DEFAULT NULL,
  `email_supervisor_create` varchar(50) COLLATE utf8_unicode_ci DEFAULT NULL,
  `email_supervisor_modify` varchar(50) COLLATE utf8_unicode_ci DEFAULT NULL,
  PRIMARY KEY (`id`)
) ENGINE=InnoDB AUTO_INCREMENT=157 DEFAULT CHARSET=utf8 COLLATE=utf8_unicode_ci;

--
-- Dump dei dati per la tabella `lessons`
--

INSERT INTO `lessons` (`id`, `lesson`, `email_signature`, `companies_id`, `classroom`, `id_course`, `date`, `start_time`, `end_time`, `total_hours`, `creation_date`, `modify_date`, `email_supervisor_create`, `email_supervisor_modify`) VALUES
(1, 'metodologia agile', 'michele@info.com', 1, 'comandini', 1, '2020-02-10', 8.5, 11, 2.5, '07/02/2020', NULL, NULL, NULL),
(2, 'metodologia agile', 'simone@info.com', 1, 'maggioli', 1, '2020-02-10', 14, 18, 4, '07/02/2020', NULL, NULL, NULL),
(4, 'metodologia agile', 'michele@info.com', 1, 'maggioli', 1, '2020-02-19', 9, 13, 4, '07/02/2020', NULL, NULL, NULL),
(110, 'metodologia agile', 'michele@info.com', 1, 'maggioli', 1, '2020-02-26', 14, 17, 3, '07/02/2020', NULL, NULL, NULL),
(111, 'php', 'matteo@info.com', 2, 'comandini', 1, '2020-03-25', 9, 13, 4, '07/02/2020', NULL, NULL, NULL),
(112, 'database', 'brizio@info.com', 3, 'comandini', 1, '2020-02-18', 14, 18, 4, '07/02/2020', NULL, NULL, NULL),
(113, 'metodologia agile', 'simone@info.com', 1, 'maggioli', 1, '2020-02-17', 9.5, 12, 2.5, '07/02/2020', NULL, NULL, NULL),
(116, 'metodologia agile', 'michele@info.com', 1, 'maggioli', 1, '2020-02-17', 13, 16, 3, '07/02/2020', NULL, NULL, NULL),
(117, 'metodologia agile', 'simone@info.com', 1, 'maggioli', 1, '2020-02-13', 9, 13, 4, '07/02/2020', NULL, NULL, NULL),
(118, 'php', NULL, 2, 'comandini', 1, '2020-03-27', 9, 12, 3, '07/02/2020', NULL, NULL, NULL),
(119, 'database', 'brizio@info.com', 3, 'comandini', 1, '2020-02-12', 14, 18, 4, '07/02/2020', NULL, NULL, NULL),
(120, 'php', 'matteo@info.com', 2, 'comandini', 1, '2020-02-11', 9, 13, 4, '07/02/2020', NULL, NULL, NULL),
(121, 'metodologia agile', 'michele@info.com', 1, 'maggioli', 1, '2020-02-11', 14, 17, 3, '07/02/2020', NULL, NULL, NULL),
(124, 'agile II', 'michele@info.com', 1, 'comandini', 3, '2020-03-10', 14, 17, 3, '07/02/2020', NULL, NULL, NULL),
(125, 'php recupero', 'matteo@info.com', 2, 'comandini', 1, '2020-03-06', 9, 13, 4, '07/02/2020', NULL, NULL, NULL),
(153, 'metodologia agile', NULL, 1, 'lezione online', 1, '2020-03-24', 9, 11, 2, '2020-03-23', NULL, NULL, NULL),
(154, 'php', 'matteo@info.com', 2, 'lezione online', 1, '2020-03-25', 14, 17, 4, '2020-03-23', NULL, NULL, NULL),
(155, 'php', NULL, 2, 'lezione online', 1, '2020-03-31', 14, 17, 3, '2020-03-23', NULL, NULL, NULL),
(156, 'python', NULL, 0, 'lezione online', 1, '2020-04-01', 13, 16.5, 3.5, '2020-03-23', NULL, NULL, NULL);

-- --------------------------------------------------------

--
-- Struttura della tabella `questionnaires`
--

DROP TABLE IF EXISTS `questionnaires`;
CREATE TABLE IF NOT EXISTS `questionnaires` (
  `id` int(11) NOT NULL AUTO_INCREMENT,
  `text` text COLLATE utf8_unicode_ci,
  `subject` int(11) DEFAULT NULL,
  PRIMARY KEY (`id`)
) ENGINE=InnoDB DEFAULT CHARSET=utf8 COLLATE=utf8_unicode_ci;

-- --------------------------------------------------------

--
-- Struttura della tabella `responsibles_auth`
--

DROP TABLE IF EXISTS `responsibles_auth`;
CREATE TABLE IF NOT EXISTS `responsibles_auth` (
  `email` varchar(50) COLLATE utf8_unicode_ci NOT NULL,
  `password` varchar(255) COLLATE utf8_unicode_ci DEFAULT NULL,
  `responsible_level` int(11) DEFAULT NULL,
  PRIMARY KEY (`email`)
) ENGINE=InnoDB DEFAULT CHARSET=utf8 COLLATE=utf8_unicode_ci;

--
-- Dump dei dati per la tabella `responsibles_auth`
--

INSERT INTO `responsibles_auth` (`email`, `password`, `responsible_level`) VALUES
('brizio@info.com', '$2b$10$yaO5ym2QPHILziGZKs/z1eWygyig9aCO9OZORyEHLqTtiQsbJaz6S', 4),
('luca@info.com', '$2b$10$yaO5ym2QPHILziGZKs/z1eWygyig9aCO9OZORyEHLqTtiQsbJaz6S', 2),
('matteo@info.com', '$2b$10$yaO5ym2QPHILziGZKs/z1eWygyig9aCO9OZORyEHLqTtiQsbJaz6S', 4),
('michele@info.com', '$2b$10$yaO5ym2QPHILziGZKs/z1eWygyig9aCO9OZORyEHLqTtiQsbJaz6S', 4),
('simone@info.com', '$2b$10$yaO5ym2QPHILziGZKs/z1eWygyig9aCO9OZORyEHLqTtiQsbJaz6S', 4);

-- --------------------------------------------------------

--
-- Struttura della tabella `signatures_students`
--

DROP TABLE IF EXISTS `signatures_students`;
CREATE TABLE IF NOT EXISTS `signatures_students` (
  `id` int(11) NOT NULL AUTO_INCREMENT,
  `code_authentication` varchar(255) COLLATE utf8_unicode_ci NOT NULL,
  `email_student` varchar(50) COLLATE utf8_unicode_ci NOT NULL,
  `date` date DEFAULT NULL,
  `current_start_time` timestamp NULL DEFAULT NULL,
  `current_end_time` timestamp NULL DEFAULT NULL,
  `final_start_time` float DEFAULT NULL,
  `final_end_time` float DEFAULT NULL,
  `id_lesson` int(11) DEFAULT NULL,
  `hours_of_lessons` float DEFAULT NULL,
  `lost_hours` float DEFAULT NULL,
  `mattinaPomeriggio` int(11) NOT NULL,
  `email_supervisor_modify` varchar(50) COLLATE utf8_unicode_ci DEFAULT NULL,
  `modify_date` varchar(10) COLLATE utf8_unicode_ci DEFAULT NULL,
  PRIMARY KEY (`id`)
) ENGINE=InnoDB AUTO_INCREMENT=350 DEFAULT CHARSET=utf8 COLLATE=utf8_unicode_ci;

--
-- Dump dei dati per la tabella `signatures_students`
--

INSERT INTO `signatures_students` (`id`, `code_authentication`, `email_student`, `date`, `current_start_time`, `current_end_time`, `final_start_time`, `final_end_time`, `id_lesson`, `hours_of_lessons`, `lost_hours`, `mattinaPomeriggio`, `email_supervisor_modify`, `modify_date`) VALUES
(1, '1', 'acookek@nps.gov', '2020-02-10', NULL, NULL, 8.5, 11, 1, 2.5, NULL, 0, NULL, '2020-03-11'),
(2, '2', 'ajardeinl@163.com', '2020-02-10', NULL, NULL, 8.5, 11, 1, 2.5, NULL, 0, NULL, '2020-03-05'),
(3, '3', 'azeale0@linkedin.com', '2020-02-10', NULL, NULL, 8.5, 11, 1, 2.5, NULL, 0, NULL, '2020-03-11'),
(4, '4', 'bjuggingj@alibaba.com', '2020-02-10', NULL, NULL, 8.5, 11, 1, 2.5, NULL, 0, NULL, '2020-03-06'),
(5, '4', 'chackinga@g.co', '2020-02-10', NULL, NULL, 8.5, 11, 1, 2.5, NULL, 0, NULL, '2020-03-05'),
(6, '4', 'cweineb@businessinsider.com', '2020-02-10', NULL, NULL, 8.53, 11, 1, 2.5, NULL, 0, NULL, '2020-03-06'),
(7, '4', 'ecoalburnm@cnbc.com', '2020-02-10', NULL, NULL, 8.5, 11, 1, 2.5, NULL, 0, NULL, NULL),
(8, '4', 'dmycockf@posterous.com', '2020-02-10', NULL, NULL, 8.5, 11, 1, 2.5, NULL, 0, NULL, NULL),
(9, '4', 'evellad@fc2.com', '2020-02-10', NULL, NULL, 8.5, 11, 1, 2.5, NULL, 0, NULL, NULL),
(10, '4', 'fdecourtc@hp.com', '2020-02-10', NULL, NULL, 8.5, 11, 1, 2.5, NULL, 0, NULL, NULL),
(11, '4', 'hnatalie6@networkadvertising.org', '2020-02-10', NULL, NULL, 8.5, 11, 1, 2.5, NULL, 0, NULL, NULL),
(12, '4', 'iallnatto@e-recht24.de', '2020-02-10', NULL, NULL, 8.5, 11.2, 1, 2.5, NULL, 0, NULL, '2020-03-05'),
(13, '4', 'jbenniee@epa.gov', '2020-02-10', NULL, NULL, 8.5, 11, 1, 2.5, NULL, 0, NULL, NULL),
(14, '4', 'ktrouel4@alexa.com', '2020-02-10', NULL, NULL, 8.5, 11, 1, 2.5, NULL, 0, NULL, NULL),
(15, '4', 'lblasiak2@amazonaws.com', '2020-02-10', NULL, NULL, 8.5, 11, 1, 2.5, NULL, 0, NULL, NULL),
(16, '4', 'lrodnight5@123-reg.co.uk', '2020-02-10', NULL, NULL, 8.5, 11, 1, 2.5, NULL, 0, NULL, NULL),
(17, '2', 'zvanhault8@twitpic.com', '2020-02-10', NULL, NULL, 8.5, 11, 1, 2.5, NULL, 0, NULL, NULL),
(18, '4', 'rclynmans9@gravatar.com', '2020-02-10', NULL, NULL, 8.5, 11, 1, 2.5, NULL, 0, NULL, NULL),
(19, '4', 'rferrandn@wufoo.com', '2020-02-10', NULL, NULL, 8.5, 11, 1, 2.5, NULL, 0, NULL, NULL),
(20, '4', 'storri3@surveymonkey.com', '2020-02-10', NULL, NULL, 8.5, 11, 1, 2.5, NULL, 0, NULL, NULL),
(21, '4', 'tbeldani@google.fr', '2020-02-10', NULL, NULL, 8.5, 11, 1, 2.5, NULL, 0, NULL, NULL),
(22, '4', 'tgrimes1@linkedin.com', '2020-02-10', NULL, NULL, 8.5, 11, 1, 2.5, NULL, 0, NULL, NULL),
(23, '4', 'ustouteh@paginegialle.it', '2020-02-10', NULL, NULL, 8.5, 11, 1, 2.5, NULL, 0, NULL, NULL),
(25, '4', 'hszachniewicz7@eventbrite.com', '2020-02-10', NULL, NULL, 8.5, 11, 1, 2.5, 0, 0, NULL, NULL),
(26, '1', 'acookek@nps.gov', '2020-02-10', NULL, NULL, 14, 18, 2, 4, NULL, 1, NULL, '2020-03-06'),
(27, '2', 'ajardeinl@163.com', '2020-02-10', NULL, NULL, 14, 18, 2, 4, NULL, 1, NULL, NULL),
(28, '3', 'azeale0@linkedin.com', '2020-02-10', NULL, NULL, 14, 18, 2, 4, NULL, 1, NULL, NULL),
(29, '4', 'bjuggingj@alibaba.com', '2020-02-10', NULL, NULL, 14, 18, 2, 4, NULL, 1, NULL, NULL),
(30, '4', 'chackinga@g.co', '2020-02-10', NULL, NULL, 14, 18, 2, 4, NULL, 1, NULL, NULL),
(31, '4', 'cweineb@businessinsider.com', '2020-02-10', NULL, NULL, 14, 18, 2, 4, NULL, 1, NULL, '2020-03-10'),
(32, '4', 'ecoalburnm@cnbc.com', '2020-02-10', NULL, NULL, 14, 18, 2, 4, NULL, 1, NULL, NULL),
(33, '4', 'dmycockf@posterous.com', '2020-02-10', NULL, NULL, 14, 18, 2, 4, NULL, 1, NULL, '2020-03-12'),
(34, '4', 'evellad@fc2.com', '2020-02-10', NULL, NULL, 14, 18, 2, 4, NULL, 1, NULL, NULL),
(35, '4', 'fdecourtc@hp.com', '2020-02-10', NULL, NULL, 15.42, 18, 2, 2.58, NULL, 1, NULL, '2020-03-12'),
(36, '4', 'hnatalie6@networkadvertising.org', '2020-02-10', NULL, NULL, 14, 18, 2, 4, NULL, 1, NULL, NULL),
(37, '4', 'iallnatto@e-recht24.de', '2020-02-10', NULL, NULL, 15.28, 17.83, 2, 4, NULL, 1, NULL, '2020-03-06'),
(38, '4', 'jbenniee@epa.gov', '2020-02-10', NULL, NULL, 14, 18, 2, 4, NULL, 1, NULL, NULL),
(39, '4', 'ktrouel4@alexa.com', '2020-02-10', NULL, NULL, 14, 18, 2, 4, NULL, 1, NULL, NULL),
(40, '4', 'lblasiak2@amazonaws.com', '2020-02-10', NULL, NULL, 14, 18, 2, 4, NULL, 1, NULL, NULL),
(41, '4', 'lrodnight5@123-reg.co.uk', '2020-02-10', NULL, NULL, 16.33, 18, 2, 1.67, NULL, 1, NULL, '2020-03-12'),
(42, '2', 'zvanhault8@twitpic.com', '2020-02-10', NULL, NULL, 14, 18, 2, 4, NULL, 1, NULL, NULL),
(43, '4', 'rclynmans9@gravatar.com', '2020-02-10', NULL, NULL, 14, 18, 2, 4, NULL, 1, NULL, NULL),
(44, '4', 'rferrandn@wufoo.com', '2020-02-10', NULL, NULL, 14, 18, 2, 4, NULL, 1, NULL, NULL),
(45, '4', 'storri3@surveymonkey.com', '2020-02-10', NULL, NULL, 14, 18, 2, 4, NULL, 1, NULL, '2020-03-12'),
(46, '4', 'tbeldani@google.fr', '2020-02-10', NULL, NULL, 14, 18, 2, 4, NULL, 1, NULL, NULL),
(47, '4', 'tgrimes1@linkedin.com', '2020-02-10', NULL, NULL, 14, 18, 2, 4, NULL, 1, NULL, NULL),
(48, '4', 'ustouteh@paginegialle.it', '2020-02-10', NULL, NULL, 14, 18, 2, 4, NULL, 1, NULL, NULL),
(50, '4', 'hszachniewicz7@eventbrite.com', '2020-02-10', NULL, NULL, 14, 18, 2, 4, 0, 1, NULL, NULL),
(51, '1', 'acookek@nps.gov', '2020-02-11', NULL, NULL, 9, 13, 120, 4, NULL, 0, NULL, NULL),
(52, '2', 'ajardeinl@163.com', '2020-02-11', NULL, NULL, 9, 10, 120, 1, NULL, 0, NULL, '2020-03-20'),
(53, '3', 'azeale0@linkedin.com', '2020-02-11', NULL, NULL, 9.5, 10, 120, 0.5, NULL, 0, NULL, '2020-03-20'),
(54, '4', 'bjuggingj@alibaba.com', '2020-02-11', NULL, NULL, 9, 10, 120, 1, NULL, 0, NULL, '2020-03-20'),
(55, '4', 'chackinga@g.co', '2020-02-11', NULL, NULL, 9, 13, 120, 4, NULL, 0, NULL, NULL),
(56, '4', 'cweineb@businessinsider.com', '2020-02-11', NULL, NULL, 9, 13, 120, 4, NULL, 0, NULL, NULL),
(57, '4', 'ecoalburnm@cnbc.com', '2020-02-11', NULL, NULL, 9, 13, 120, 4, NULL, 0, NULL, NULL),
(58, '4', 'dmycockf@posterous.com', '2020-02-11', NULL, NULL, 9, 13, 120, 4, NULL, 0, NULL, NULL),
(59, '4', 'evellad@fc2.com', '2020-02-11', NULL, NULL, 9, 13, 120, 4, NULL, 0, NULL, NULL),
(60, '4', 'fdecourtc@hp.com', '2020-02-11', NULL, NULL, 9, 13, 120, 4, NULL, 0, NULL, NULL),
(61, '4', 'hnatalie6@networkadvertising.org', '2020-02-11', NULL, NULL, 9, 13, 120, 4, NULL, 0, NULL, NULL),
(62, '4', 'iallnatto@e-recht24.de', '2020-02-11', NULL, NULL, 9, 13, 120, 4, NULL, 0, NULL, NULL),
(63, '4', 'jbenniee@epa.gov', '2020-02-11', NULL, NULL, 9, 13, 120, 4, NULL, 0, NULL, NULL),
(64, '4', 'ktrouel4@alexa.com', '2020-02-11', NULL, NULL, 9, 13, 120, 4, NULL, 0, NULL, NULL),
(65, '4', 'lblasiak2@amazonaws.com', '2020-02-11', NULL, NULL, 9, 13, 120, 4, NULL, 0, NULL, NULL),
(66, '4', 'lrodnight5@123-reg.co.uk', '2020-02-11', NULL, NULL, 9, 13, 120, 4, NULL, 0, NULL, NULL),
(67, '2', 'zvanhault8@twitpic.com', '2020-02-11', NULL, NULL, 9, 13, 120, 4, NULL, 0, NULL, NULL),
(68, '4', 'rclynmans9@gravatar.com', '2020-02-11', NULL, NULL, 9, 13, 120, 4, NULL, 0, NULL, NULL),
(69, '4', 'rferrandn@wufoo.com', '2020-02-11', NULL, NULL, 9, 13, 120, 4, NULL, 0, NULL, NULL),
(70, '4', 'storri3@surveymonkey.com', '2020-02-11', NULL, NULL, 9, 13, 120, 4, NULL, 0, NULL, NULL),
(71, '4', 'tbeldani@google.fr', '2020-02-11', NULL, NULL, 9, 13, 120, 4, NULL, 0, NULL, NULL),
(72, '4', 'tgrimes1@linkedin.com', '2020-02-11', NULL, NULL, 9, 13, 120, 4, NULL, 0, NULL, NULL),
(73, '4', 'ustouteh@paginegialle.it', '2020-02-11', NULL, NULL, 9, 13, 120, 4, NULL, 0, NULL, NULL),
(74, '4', 'hszachniewicz7@eventbrite.com', '2020-02-11', NULL, NULL, 1, 1, 120, 0, 4, 0, NULL, NULL),
(75, '4', 'mmaycockg@sfgate.com', '2020-02-10', NULL, NULL, 8.5, 11, 1, 2.5, NULL, 0, NULL, NULL),
(76, '4', 'mmaycockg@sfgate.com', '2020-02-10', NULL, NULL, 14, 18, 2, 4, NULL, 1, NULL, NULL),
(77, '4', 'mmaycockg@sfgate.com', '2020-02-11', NULL, NULL, 9, 13, 120, 4, NULL, 0, NULL, NULL),
(78, '1', 'acookek@nps.gov', '2020-02-11', NULL, NULL, 14, 17, 121, 3, NULL, 1, NULL, NULL),
(79, '2', 'ajardeinl@163.com', '2020-02-11', NULL, NULL, 14, 17, 121, 3, NULL, 1, NULL, NULL),
(80, '3', 'azeale0@linkedin.com', '2020-02-11', NULL, NULL, 14, 17, 121, 3, NULL, 1, NULL, NULL),
(81, '4', 'bjuggingj@alibaba.com', '2020-02-11', NULL, NULL, 14, 17, 121, 3, NULL, 1, NULL, NULL),
(82, '4', 'chackinga@g.co', '2020-02-11', NULL, NULL, 14, 17, 121, 3, NULL, 1, NULL, NULL),
(83, '4', 'cweineb@businessinsider.com', '2020-02-11', NULL, NULL, 14, 17, 121, 3, NULL, 1, NULL, NULL),
(84, '4', 'ecoalburnm@cnbc.com', '2020-02-11', NULL, NULL, 14, 17, 121, 3, NULL, 1, NULL, NULL),
(85, '4', 'dmycockf@posterous.com', '2020-02-11', NULL, NULL, 14, 17, 121, 3, NULL, 1, NULL, NULL),
(86, '4', 'evellad@fc2.com', '2020-02-11', NULL, NULL, 14, 17, 121, 3, NULL, 1, NULL, NULL),
(87, '4', 'fdecourtc@hp.com', '2020-02-11', NULL, NULL, 14, 17, 121, 3, NULL, 1, NULL, NULL),
(88, '4', 'hnatalie6@networkadvertising.org', '2020-02-11', NULL, NULL, 14, 17, 121, 3, NULL, 1, NULL, NULL),
(89, '4', 'iallnatto@e-recht24.de', '2020-02-11', NULL, NULL, 14, 17, 121, 3, NULL, 1, NULL, NULL),
(90, '4', 'jbenniee@epa.gov', '2020-02-11', NULL, NULL, 14, 17, 121, 3, NULL, 1, NULL, NULL),
(91, '4', 'ktrouel4@alexa.com', '2020-02-11', NULL, NULL, 14, 17, 121, 3, NULL, 1, NULL, NULL),
(92, '4', 'lblasiak2@amazonaws.com', '2020-02-11', NULL, NULL, 14, 17, 121, 3, NULL, 1, NULL, NULL),
(93, '4', 'lrodnight5@123-reg.co.uk', '2020-02-11', NULL, NULL, 14, 17, 121, 3, NULL, 1, NULL, NULL),
(94, '2', 'zvanhault8@twitpic.com', '2020-02-11', NULL, NULL, 14, 17, 121, 3, NULL, 1, NULL, NULL),
(95, '4', 'mmaycockg@sfgate.com', '2020-02-11', NULL, NULL, 14, 17, 121, 3, NULL, 1, NULL, NULL),
(96, '4', 'rclynmans9@gravatar.com', '2020-02-11', NULL, NULL, 14, 17, 121, 3, NULL, 1, NULL, NULL),
(97, '4', 'rferrandn@wufoo.com', '2020-02-11', NULL, NULL, 14, 17, 121, 3, NULL, 1, NULL, NULL),
(98, '4', 'storri3@surveymonkey.com', '2020-02-11', NULL, NULL, 14, 17, 121, 3, NULL, 1, NULL, NULL),
(99, '4', 'tbeldani@google.fr', '2020-02-11', NULL, NULL, 14, 17, 121, 3, NULL, 1, NULL, NULL),
(100, '4', 'tgrimes1@linkedin.com', '2020-02-11', NULL, NULL, 14, 17, 121, 3, NULL, 1, NULL, NULL),
(101, '4', 'ustouteh@paginegialle.it', '2020-02-11', NULL, NULL, 14, 17, 121, 3, NULL, 1, NULL, NULL),
(102, '4', 'hszachniewicz7@eventbrite.com', '2020-02-11', NULL, NULL, 1, 1, 121, 0, 3, 1, NULL, NULL),
(103, '1', 'acookek@nps.gov', '2020-02-12', NULL, NULL, 14, 18, 119, 4, NULL, 1, NULL, NULL),
(104, '2', 'ajardeinl@163.com', '2020-02-12', NULL, NULL, 14, 18, 119, 4, NULL, 1, NULL, NULL),
(105, '3', 'azeale0@linkedin.com', '2020-02-12', NULL, NULL, 14, 18, 119, 4, NULL, 1, NULL, NULL),
(106, '4', 'bjuggingj@alibaba.com', '2020-02-12', NULL, NULL, 14, 18, 119, 4, NULL, 1, NULL, NULL),
(107, '4', 'chackinga@g.co', '2020-02-12', NULL, NULL, 14, 18, 119, 4, NULL, 1, NULL, NULL),
(108, '4', 'cweineb@businessinsider.com', '2020-02-12', NULL, NULL, 14, 18, 119, 4, NULL, 1, NULL, NULL),
(109, '4', 'ecoalburnm@cnbc.com', '2020-02-12', NULL, NULL, 14, 18, 119, 4, NULL, 1, NULL, NULL),
(110, '4', 'dmycockf@posterous.com', '2020-02-12', NULL, NULL, 14, 18, 119, 4, NULL, 1, NULL, NULL),
(111, '4', 'evellad@fc2.com', '2020-02-12', NULL, NULL, 14, 18, 119, 4, NULL, 1, NULL, NULL),
(112, '4', 'fdecourtc@hp.com', '2020-02-12', NULL, NULL, 14, 18, 119, 4, NULL, 1, NULL, NULL),
(113, '4', 'hnatalie6@networkadvertising.org', '2020-02-12', NULL, NULL, 14, 18, 119, 4, NULL, 1, NULL, NULL),
(114, '4', 'iallnatto@e-recht24.de', '2020-02-12', NULL, NULL, 14, 18, 119, 4, NULL, 1, NULL, NULL),
(115, '4', 'jbenniee@epa.gov', '2020-02-12', NULL, NULL, 14, 18, 119, 4, NULL, 1, NULL, NULL),
(116, '4', 'ktrouel4@alexa.com', '2020-02-12', NULL, NULL, 14, 18, 119, 4, NULL, 1, NULL, NULL),
(117, '4', 'lblasiak2@amazonaws.com', '2020-02-12', NULL, NULL, 14, 18, 119, 4, NULL, 1, NULL, NULL),
(118, '4', 'lrodnight5@123-reg.co.uk', '2020-02-12', NULL, NULL, 14, 18, 119, 4, NULL, 1, NULL, NULL),
(119, '2', 'zvanhault8@twitpic.com', '2020-02-12', NULL, NULL, 14, 18, 119, 4, NULL, 1, NULL, NULL),
(120, '4', 'mmaycockg@sfgate.com', '2020-02-12', NULL, NULL, 14, 18, 119, 4, NULL, 1, NULL, NULL),
(121, '4', 'rclynmans9@gravatar.com', '2020-02-12', NULL, NULL, 14, 18, 119, 4, NULL, 1, NULL, NULL),
(122, '4', 'rferrandn@wufoo.com', '2020-02-12', NULL, NULL, 14, 18, 119, 4, NULL, 1, NULL, NULL),
(123, '4', 'storri3@surveymonkey.com', '2020-02-12', NULL, NULL, 14, 18, 119, 4, NULL, 1, NULL, NULL),
(124, '4', 'tbeldani@google.fr', '2020-02-12', NULL, NULL, 14, 18, 119, 4, NULL, 1, NULL, NULL),
(125, '4', 'tgrimes1@linkedin.com', '2020-02-12', NULL, NULL, 14, 18, 119, 4, NULL, 1, NULL, NULL),
(126, '4', 'ustouteh@paginegialle.it', '2020-02-12', NULL, NULL, 14, 18, 119, 4, NULL, 1, NULL, NULL),
(127, '4', 'hszachniewicz7@eventbrite.com', '2020-02-12', NULL, NULL, 14, 18, 119, 4, 0, 1, NULL, NULL),
(128, '1', 'acookek@nps.gov', '2020-02-13', NULL, NULL, 9, 13, 117, 4, NULL, 0, NULL, NULL),
(129, '2', 'ajardeinl@163.com', '2020-02-13', NULL, NULL, 9, 13, 117, 4, NULL, 0, NULL, NULL),
(130, '3', 'azeale0@linkedin.com', '2020-02-13', NULL, NULL, 9, 13, 117, 4, NULL, 0, NULL, NULL),
(131, '4', 'bjuggingj@alibaba.com', '2020-02-13', NULL, NULL, 9, 13, 117, 4, NULL, 0, NULL, NULL),
(132, '4', 'chackinga@g.co', '2020-02-13', NULL, NULL, 9, 13, 117, 4, NULL, 0, NULL, NULL),
(133, '4', 'cweineb@businessinsider.com', '2020-02-13', NULL, NULL, 9, 13, 117, 4, NULL, 0, NULL, NULL),
(134, '4', 'ecoalburnm@cnbc.com', '2020-02-13', NULL, NULL, 9, 13, 117, 4, NULL, 0, NULL, NULL),
(135, '4', 'dmycockf@posterous.com', '2020-02-13', NULL, NULL, 9, 13, 117, 4, NULL, 0, NULL, NULL),
(136, '4', 'evellad@fc2.com', '2020-02-13', NULL, NULL, 9, 13, 117, 4, NULL, 0, NULL, NULL),
(137, '4', 'fdecourtc@hp.com', '2020-02-13', NULL, NULL, 9, 13, 117, 4, NULL, 0, NULL, NULL),
(138, '4', 'hnatalie6@networkadvertising.org', '2020-02-13', NULL, NULL, 9, 13, 117, 4, NULL, 0, NULL, NULL),
(139, '4', 'iallnatto@e-recht24.de', '2020-02-13', NULL, NULL, 9, 13, 117, 4, NULL, 0, NULL, NULL),
(140, '4', 'jbenniee@epa.gov', '2020-02-13', NULL, NULL, 9, 13, 117, 4, NULL, 0, NULL, NULL),
(141, '4', 'ktrouel4@alexa.com', '2020-02-13', NULL, NULL, 9, 13, 117, 4, NULL, 0, NULL, NULL),
(142, '4', 'lblasiak2@amazonaws.com', '2020-02-13', NULL, NULL, 9, 13, 117, 4, NULL, 0, NULL, NULL),
(143, '4', 'lrodnight5@123-reg.co.uk', '2020-02-13', NULL, NULL, 9, 13, 117, 4, NULL, 0, NULL, NULL),
(144, '2', 'zvanhault8@twitpic.com', '2020-02-13', NULL, NULL, 9, 13, 117, 4, NULL, 0, NULL, NULL),
(145, '4', 'mmaycockg@sfgate.com', '2020-02-13', NULL, NULL, 9, 13, 117, 4, NULL, 0, NULL, NULL),
(146, '4', 'rclynmans9@gravatar.com', '2020-02-13', NULL, NULL, 9, 13, 117, 4, NULL, 0, NULL, NULL),
(147, '4', 'rferrandn@wufoo.com', '2020-02-13', NULL, NULL, 9, 13, 117, 4, NULL, 0, NULL, NULL),
(148, '4', 'storri3@surveymonkey.com', '2020-02-13', NULL, NULL, 9, 13, 117, 4, NULL, 0, NULL, NULL),
(149, '4', 'tbeldani@google.fr', '2020-02-13', NULL, NULL, 9, 13, 117, 4, NULL, 0, NULL, NULL),
(150, '4', 'tgrimes1@linkedin.com', '2020-02-13', NULL, NULL, 9, 13, 117, 4, NULL, 0, NULL, NULL),
(151, '4', 'ustouteh@paginegialle.it', '2020-02-13', NULL, NULL, 9, 13, 117, 4, NULL, 0, NULL, NULL),
(152, '4', 'hszachniewicz7@eventbrite.com', '2020-02-13', NULL, NULL, 1, 1, 117, 0, 4, 0, NULL, NULL),
(153, '1', 'acookek@nps.gov', '2020-02-13', NULL, NULL, 14, 17, 118, 3, NULL, 1, NULL, NULL),
(154, '2', 'ajardeinl@163.com', '2020-02-13', NULL, NULL, 14, 17, 118, 3, NULL, 1, NULL, NULL),
(155, '3', 'azeale0@linkedin.com', '2020-02-13', NULL, NULL, 14, 17, 118, 3, NULL, 1, NULL, NULL),
(156, '4', 'bjuggingj@alibaba.com', '2020-02-13', NULL, NULL, 14, 17, 118, 3, NULL, 1, NULL, NULL),
(157, '4', 'chackinga@g.co', '2020-02-13', NULL, NULL, 14, 17, 118, 3, NULL, 1, NULL, NULL),
(158, '4', 'cweineb@businessinsider.com', '2020-02-13', NULL, NULL, 14, 17, 118, 3, NULL, 1, NULL, NULL),
(159, '4', 'ecoalburnm@cnbc.com', '2020-02-13', NULL, NULL, 14, 17, 118, 3, NULL, 1, NULL, NULL),
(160, '4', 'dmycockf@posterous.com', '2020-02-13', NULL, NULL, 14, 17, 118, 3, NULL, 1, NULL, NULL),
(161, '4', 'evellad@fc2.com', '2020-02-13', NULL, NULL, 14, 17, 118, 3, NULL, 1, NULL, NULL),
(162, '4', 'fdecourtc@hp.com', '2020-02-13', NULL, NULL, 14, 17, 118, 3, NULL, 1, NULL, NULL),
(163, '4', 'hnatalie6@networkadvertising.org', '2020-02-13', NULL, NULL, 14, 17, 118, 3, NULL, 1, NULL, NULL),
(164, '4', 'iallnatto@e-recht24.de', '2020-02-13', NULL, NULL, 14, 17, 118, 3, NULL, 1, NULL, NULL),
(165, '4', 'jbenniee@epa.gov', '2020-02-13', NULL, NULL, 14, 17, 118, 3, NULL, 1, NULL, NULL),
(166, '4', 'ktrouel4@alexa.com', '2020-02-13', NULL, NULL, 14, 17, 118, 3, NULL, 1, NULL, NULL),
(167, '4', 'lblasiak2@amazonaws.com', '2020-02-13', NULL, NULL, 14, 17, 118, 3, NULL, 1, NULL, NULL),
(168, '4', 'lrodnight5@123-reg.co.uk', '2020-02-13', NULL, NULL, 14, 17, 118, 3, NULL, 1, NULL, NULL),
(169, '2', 'zvanhault8@twitpic.com', '2020-02-13', NULL, NULL, 14, 17, 118, 3, NULL, 1, NULL, NULL),
(170, '4', 'mmaycockg@sfgate.com', '2020-02-13', NULL, NULL, 14, 17, 118, 3, NULL, 1, NULL, NULL),
(171, '4', 'rclynmans9@gravatar.com', '2020-02-13', NULL, NULL, 14, 17, 118, 3, NULL, 1, NULL, NULL),
(172, '4', 'rferrandn@wufoo.com', '2020-02-13', NULL, NULL, 14, 17, 118, 3, NULL, 1, NULL, NULL),
(173, '4', 'storri3@surveymonkey.com', '2020-02-13', NULL, NULL, 14, 17, 118, 3, NULL, 1, NULL, NULL),
(174, '4', 'tbeldani@google.fr', '2020-02-13', NULL, NULL, 14, 17, 118, 3, NULL, 1, NULL, NULL),
(175, '4', 'tgrimes1@linkedin.com', '2020-02-13', NULL, NULL, 14, 17, 118, 3, NULL, 1, NULL, NULL),
(176, '4', 'ustouteh@paginegialle.it', '2020-02-13', NULL, NULL, 14, 17, 118, 3, NULL, 1, NULL, NULL),
(177, '4', 'hszachniewicz7@eventbrite.com', '2020-02-13', NULL, NULL, 1, 1, 118, 0, 3, 1, NULL, NULL),
(178, '1', 'acookek@nps.gov', '2020-02-17', NULL, NULL, 9.5, 12, 113, 2.5, NULL, 0, NULL, NULL),
(179, '2', 'ajardeinl@163.com', '2020-02-17', NULL, NULL, 9.5, 12, 113, 2.5, NULL, 0, NULL, NULL),
(180, '3', 'azeale0@linkedin.com', '2020-02-17', NULL, NULL, 9.5, 12, 113, 2.5, NULL, 0, NULL, NULL),
(181, '4', 'bjuggingj@alibaba.com', '2020-02-17', NULL, NULL, 9.5, 12, 113, 2.5, NULL, 0, NULL, NULL),
(182, '4', 'chackinga@g.co', '2020-02-17', NULL, NULL, 11.5, 12, 113, 2.5, NULL, 0, NULL, '2020-03-10'),
(183, '4', 'cweineb@businessinsider.com', '2020-02-17', NULL, NULL, 10.5, 12, 113, 2.5, NULL, 0, NULL, '2020-03-10'),
(184, '4', 'ecoalburnm@cnbc.com', '2020-02-17', NULL, NULL, 9.5, 12, 113, 2.5, NULL, 0, NULL, NULL),
(185, '4', 'dmycockf@posterous.com', '2020-02-17', NULL, NULL, 9.5, 12, 113, 2.5, NULL, 0, NULL, NULL),
(186, '4', 'evellad@fc2.com', '2020-02-17', NULL, NULL, 9.5, 12, 113, 2.5, NULL, 0, NULL, NULL),
(187, '4', 'fdecourtc@hp.com', '2020-02-17', NULL, NULL, 9.5, 12, 113, 2.5, NULL, 0, NULL, NULL),
(188, '4', 'hnatalie6@networkadvertising.org', '2020-02-17', NULL, NULL, 9.5, 12, 113, 2.5, NULL, 0, NULL, NULL),
(189, '4', 'iallnatto@e-recht24.de', '2020-02-17', NULL, NULL, 9.5, 12, 113, 2.5, NULL, 0, NULL, NULL),
(190, '4', 'jbenniee@epa.gov', '2020-02-17', NULL, NULL, 9.5, 12, 113, 2.5, NULL, 0, NULL, NULL),
(191, '4', 'ktrouel4@alexa.com', '2020-02-17', NULL, NULL, 9.5, 12, 113, 2.5, NULL, 0, NULL, NULL),
(192, '4', 'lblasiak2@amazonaws.com', '2020-02-17', NULL, NULL, 9.5, 12, 113, 2.5, NULL, 0, NULL, NULL),
(193, '4', 'lrodnight5@123-reg.co.uk', '2020-02-17', NULL, NULL, 9.5, 12, 113, 2.5, NULL, 0, NULL, NULL),
(194, '2', 'zvanhault8@twitpic.com', '2020-02-17', NULL, NULL, 9.5, 12, 113, 2.5, NULL, 0, NULL, NULL),
(195, '4', 'mmaycockg@sfgate.com', '2020-02-17', NULL, NULL, 9.5, 12, 113, 2.5, NULL, 0, NULL, NULL),
(196, '4', 'rclynmans9@gravatar.com', '2020-02-17', NULL, NULL, 9.5, 12, 113, 2.5, NULL, 0, NULL, NULL),
(197, '4', 'rferrandn@wufoo.com', '2020-02-17', NULL, NULL, 9.5, 12, 113, 2.5, NULL, 0, NULL, NULL),
(198, '4', 'storri3@surveymonkey.com', '2020-02-17', NULL, NULL, 9.5, 12, 113, 2.5, NULL, 0, NULL, NULL),
(199, '4', 'tbeldani@google.fr', '2020-02-17', NULL, NULL, 9.5, 12, 113, 2.5, NULL, 0, NULL, '2020-03-10'),
(200, '4', 'tgrimes1@linkedin.com', '2020-02-17', NULL, NULL, 9.5, 12, 113, 2.5, NULL, 0, NULL, NULL),
(201, '4', 'ustouteh@paginegialle.it', '2020-02-17', NULL, NULL, 9.5, 12, 113, 2.5, NULL, 0, NULL, NULL),
(202, '4', 'hszachniewicz7@eventbrite.com', '2020-02-17', NULL, NULL, 9.5, 12, 113, 2.5, 0, 0, NULL, NULL),
(203, '1', 'acookek@nps.gov', '2020-02-17', NULL, NULL, 13, 16, 116, 3, NULL, 1, NULL, NULL),
(204, '2', 'ajardeinl@163.com', '2020-02-17', NULL, NULL, 13, 16, 116, 3, NULL, 1, NULL, NULL),
(205, '3', 'azeale0@linkedin.com', '2020-02-17', NULL, NULL, 13, 16, 116, 3, NULL, 1, NULL, NULL),
(206, '4', 'bjuggingj@alibaba.com', '2020-02-17', NULL, NULL, 13, 16, 116, 3, NULL, 1, NULL, NULL),
(207, '4', 'chackinga@g.co', '2020-02-17', NULL, NULL, 13, 16, 116, 3, NULL, 1, NULL, NULL),
(208, '4', 'cweineb@businessinsider.com', '2020-02-17', NULL, NULL, 13, 16, 116, 3, NULL, 1, NULL, NULL),
(209, '4', 'ecoalburnm@cnbc.com', '2020-02-17', NULL, NULL, 13, 16, 116, 3, NULL, 1, NULL, NULL),
(210, '4', 'dmycockf@posterous.com', '2020-02-17', NULL, NULL, 13, 16, 116, 3, NULL, 1, NULL, NULL),
(211, '4', 'evellad@fc2.com', '2020-02-17', NULL, NULL, 13, 16, 116, 3, NULL, 1, NULL, NULL),
(212, '4', 'fdecourtc@hp.com', '2020-02-17', NULL, NULL, 13, 16, 116, 3, NULL, 1, NULL, NULL),
(213, '4', 'hnatalie6@networkadvertising.org', '2020-02-17', NULL, NULL, 13, 16, 116, 3, NULL, 1, NULL, NULL),
(214, '4', 'iallnatto@e-recht24.de', '2020-02-17', NULL, NULL, 13, 16, 116, 3, NULL, 1, NULL, NULL),
(215, '4', 'jbenniee@epa.gov', '2020-02-17', NULL, NULL, 13, 16, 116, 3, NULL, 1, NULL, NULL),
(216, '4', 'ktrouel4@alexa.com', '2020-02-17', NULL, NULL, 13, 16, 116, 3, NULL, 1, NULL, NULL),
(217, '4', 'lblasiak2@amazonaws.com', '2020-02-17', NULL, NULL, 13, 16, 116, 3, NULL, 1, NULL, NULL),
(218, '4', 'lrodnight5@123-reg.co.uk', '2020-02-17', NULL, NULL, 13, 16, 116, 3, NULL, 1, NULL, NULL),
(219, '2', 'zvanhault8@twitpic.com', '2020-02-17', NULL, NULL, 13, 16, 116, 3, NULL, 1, NULL, NULL),
(220, '4', 'mmaycockg@sfgate.com', '2020-02-17', NULL, NULL, 13, 16, 116, 3, NULL, 1, NULL, NULL),
(221, '4', 'rclynmans9@gravatar.com', '2020-02-17', NULL, NULL, 13, 16, 116, 3, NULL, 1, NULL, NULL),
(222, '4', 'rferrandn@wufoo.com', '2020-02-17', NULL, NULL, 13, 16, 116, 3, NULL, 1, NULL, NULL),
(223, '4', 'storri3@surveymonkey.com', '2020-02-17', NULL, NULL, 13, 16, 116, 3, NULL, 1, NULL, NULL),
(224, '4', 'tbeldani@google.fr', '2020-02-17', NULL, NULL, 13, 16, 116, 3, NULL, 1, NULL, NULL),
(225, '4', 'tgrimes1@linkedin.com', '2020-02-17', NULL, NULL, 13, 16, 116, 3, NULL, 1, NULL, NULL),
(226, '4', 'ustouteh@paginegialle.it', '2020-02-17', NULL, NULL, 13, 16, 116, 3, NULL, 1, NULL, NULL),
(227, '4', 'hszachniewicz7@eventbrite.com', '2020-02-17', NULL, NULL, 13, 16, 116, 3, 0, 1, NULL, NULL),
(228, '1', 'acookek@nps.gov', '2020-02-18', NULL, NULL, 9, 13, 111, 4, NULL, 0, NULL, NULL),
(229, '2', 'ajardeinl@163.com', '2020-02-18', NULL, NULL, 9, 13, 111, 4, NULL, 0, NULL, NULL),
(230, '3', 'azeale0@linkedin.com', '2020-02-18', NULL, NULL, 9, 13, 111, 4, NULL, 0, NULL, NULL),
(231, '4', 'bjuggingj@alibaba.com', '2020-02-18', NULL, NULL, 9, 13, 111, 4, NULL, 0, NULL, NULL),
(232, '4', 'chackinga@g.co', '2020-02-18', NULL, NULL, 9, 13, 111, 4, NULL, 0, NULL, NULL),
(233, '4', 'cweineb@businessinsider.com', '2020-02-18', NULL, NULL, 9, 13, 111, 4, NULL, 0, NULL, NULL),
(234, '4', 'ecoalburnm@cnbc.com', '2020-02-18', NULL, NULL, 9, 13, 111, 4, NULL, 0, NULL, NULL),
(235, '4', 'dmycockf@posterous.com', '2020-02-18', NULL, NULL, 9, 13, 111, 4, NULL, 0, NULL, NULL),
(236, '4', 'evellad@fc2.com', '2020-02-18', NULL, NULL, 9, 13, 111, 4, NULL, 0, NULL, NULL),
(237, '4', 'fdecourtc@hp.com', '2020-02-18', NULL, NULL, 9, 13, 111, 4, NULL, 0, NULL, NULL),
(238, '4', 'hnatalie6@networkadvertising.org', '2020-02-18', NULL, NULL, 9, 13, 111, 4, NULL, 0, NULL, NULL),
(239, '4', 'iallnatto@e-recht24.de', '2020-02-18', NULL, NULL, 9, 13, 111, 4, NULL, 0, NULL, NULL),
(240, '4', 'jbenniee@epa.gov', '2020-02-18', NULL, NULL, 9, 13, 111, 4, NULL, 0, NULL, NULL),
(241, '4', 'ktrouel4@alexa.com', '2020-02-18', NULL, NULL, 9, 13, 111, 4, NULL, 0, NULL, NULL),
(242, '4', 'lblasiak2@amazonaws.com', '2020-02-18', NULL, NULL, 9, 13, 111, 4, NULL, 0, NULL, NULL),
(243, '4', 'lrodnight5@123-reg.co.uk', '2020-02-18', NULL, NULL, 9, 13, 111, 4, NULL, 0, NULL, NULL),
(244, '2', 'zvanhault8@twitpic.com', '2020-02-18', NULL, NULL, 9, 13, 111, 4, NULL, 0, NULL, NULL),
(245, '4', 'mmaycockg@sfgate.com', '2020-02-18', NULL, NULL, 9, 13, 111, 4, NULL, 0, NULL, NULL),
(246, '4', 'rclynmans9@gravatar.com', '2020-02-18', NULL, NULL, 9, 13, 111, 4, NULL, 0, NULL, NULL),
(247, '4', 'rferrandn@wufoo.com', '2020-02-18', NULL, NULL, 9, 13, 111, 4, NULL, 0, NULL, NULL),
(248, '4', 'storri3@surveymonkey.com', '2020-02-18', NULL, NULL, 9, 13, 111, 4, NULL, 0, NULL, NULL),
(249, '4', 'tbeldani@google.fr', '2020-02-18', NULL, NULL, 9, 13, 111, 4, NULL, 0, NULL, NULL),
(250, '4', 'tgrimes1@linkedin.com', '2020-02-18', NULL, NULL, 9, 13, 111, 4, NULL, 0, NULL, NULL),
(251, '4', 'ustouteh@paginegialle.it', '2020-02-18', NULL, NULL, 9, 13, 111, 4, NULL, 0, NULL, NULL),
(252, '4', 'hszachniewicz7@eventbrite.com', '2020-02-18', NULL, NULL, 1, 1, 111, 0, 4, 0, NULL, NULL),
(253, '1', 'acookek@nps.gov', '2020-02-18', NULL, NULL, 14, 18, 112, 4, NULL, 1, NULL, NULL),
(254, '2', 'ajardeinl@163.com', '2020-02-18', NULL, NULL, 14, 18, 112, 4, NULL, 1, NULL, NULL),
(255, '3', 'azeale0@linkedin.com', '2020-02-18', NULL, NULL, 14, 18, 112, 4, NULL, 1, NULL, NULL),
(256, '4', 'bjuggingj@alibaba.com', '2020-02-18', NULL, NULL, 14, 18, 112, 4, NULL, 1, NULL, NULL),
(257, '4', 'chackinga@g.co', '2020-02-18', NULL, NULL, 14, 18, 112, 4, NULL, 1, NULL, NULL),
(258, '4', 'cweineb@businessinsider.com', '2020-02-18', NULL, NULL, 14, 18, 112, 4, NULL, 1, NULL, NULL),
(259, '4', 'ecoalburnm@cnbc.com', '2020-02-18', NULL, NULL, 14, 18, 112, 4, NULL, 1, NULL, NULL),
(260, '4', 'dmycockf@posterous.com', '2020-02-18', NULL, NULL, 14, 18, 112, 4, NULL, 1, NULL, NULL),
(261, '4', 'evellad@fc2.com', '2020-02-18', NULL, NULL, 14, 18, 112, 4, NULL, 1, NULL, NULL),
(262, '4', 'fdecourtc@hp.com', '2020-02-18', NULL, NULL, 14, 18, 112, 4, NULL, 1, NULL, NULL),
(263, '4', 'hnatalie6@networkadvertising.org', '2020-02-18', NULL, NULL, 14, 18, 112, 4, NULL, 1, NULL, NULL),
(264, '4', 'iallnatto@e-recht24.de', '2020-02-18', NULL, NULL, 14, 18, 112, 4, NULL, 1, NULL, NULL),
(265, '4', 'jbenniee@epa.gov', '2020-02-18', NULL, NULL, 14, 18, 112, 4, NULL, 1, NULL, NULL),
(266, '4', 'ktrouel4@alexa.com', '2020-02-18', NULL, NULL, 14, 18, 112, 4, NULL, 1, NULL, NULL),
(267, '4', 'lblasiak2@amazonaws.com', '2020-02-18', NULL, NULL, 14, 18, 112, 4, NULL, 1, NULL, NULL),
(268, '4', 'lrodnight5@123-reg.co.uk', '2020-02-18', NULL, NULL, 14, 18, 112, 4, NULL, 1, NULL, NULL),
(269, '2', 'zvanhault8@twitpic.com', '2020-02-18', NULL, NULL, 14, 18, 112, 4, NULL, 1, NULL, NULL),
(270, '4', 'mmaycockg@sfgate.com', '2020-02-18', NULL, NULL, 14, 18, 112, 4, NULL, 1, NULL, NULL),
(271, '4', 'rclynmans9@gravatar.com', '2020-02-18', NULL, NULL, 14, 18, 112, 4, NULL, 1, NULL, NULL),
(272, '4', 'rferrandn@wufoo.com', '2020-02-18', NULL, NULL, 14, 18, 112, 4, NULL, 1, NULL, NULL),
(273, '4', 'storri3@surveymonkey.com', '2020-02-18', NULL, NULL, 14, 18, 112, 4, NULL, 1, NULL, NULL),
(274, '4', 'tbeldani@google.fr', '2020-02-18', NULL, NULL, 14, 18, 112, 4, NULL, 1, NULL, NULL),
(275, '4', 'tgrimes1@linkedin.com', '2020-02-18', NULL, NULL, 14, 18, 112, 4, NULL, 1, NULL, NULL),
(276, '4', 'ustouteh@paginegialle.it', '2020-02-18', NULL, NULL, 14, 18, 112, 4, NULL, 1, NULL, NULL),
(277, '4', 'hszachniewicz7@eventbrite.com', '2020-02-18', NULL, NULL, 1, 1, 112, 0, 4, 1, NULL, NULL),
(278, '1', 'acookek@nps.gov', '2020-02-19', NULL, NULL, 9, 13, 4, 4, NULL, 0, NULL, NULL),
(279, '2', 'ajardeinl@163.com', '2020-02-19', NULL, NULL, 9, 13, 4, 4, NULL, 0, NULL, NULL),
(280, '3', 'azeale0@linkedin.com', '2020-02-19', NULL, NULL, 9, 13, 4, 4, NULL, 0, NULL, NULL),
(281, '4', 'bjuggingj@alibaba.com', '2020-02-19', NULL, NULL, 9, 13, 4, 4, NULL, 0, NULL, NULL),
(282, '4', 'chackinga@g.co', '2020-02-19', NULL, NULL, 9, 13, 4, 4, NULL, 0, NULL, NULL),
(283, '4', 'cweineb@businessinsider.com', '2020-02-19', NULL, NULL, 9, 13, 4, 4, NULL, 0, NULL, NULL),
(284, '4', 'ecoalburnm@cnbc.com', '2020-02-19', NULL, NULL, 9, 13, 4, 4, NULL, 0, NULL, NULL),
(285, '4', 'dmycockf@posterous.com', '2020-02-19', NULL, NULL, 9, 13, 4, 4, NULL, 0, NULL, NULL),
(286, '4', 'evellad@fc2.com', '2020-02-19', NULL, NULL, 9, 13, 4, 4, NULL, 0, NULL, NULL),
(287, '4', 'fdecourtc@hp.com', '2020-02-19', NULL, NULL, 9, 13, 4, 4, NULL, 0, NULL, NULL),
(288, '4', 'hnatalie6@networkadvertising.org', '2020-02-19', NULL, NULL, 9, 13, 4, 4, NULL, 0, NULL, NULL),
(289, '4', 'iallnatto@e-recht24.de', '2020-02-19', NULL, NULL, 9, 13, 4, 4, NULL, 0, NULL, NULL),
(290, '4', 'jbenniee@epa.gov', '2020-02-19', NULL, NULL, 9, 13, 4, 4, NULL, 0, NULL, NULL),
(291, '4', 'ktrouel4@alexa.com', '2020-02-19', NULL, NULL, 9, 13, 4, 4, NULL, 0, NULL, NULL),
(292, '4', 'lblasiak2@amazonaws.com', '2020-02-19', NULL, NULL, 9, 13, 4, 4, NULL, 0, NULL, NULL),
(293, '4', 'lrodnight5@123-reg.co.uk', '2020-02-19', NULL, NULL, 9, 13, 4, 4, NULL, 0, NULL, NULL),
(294, '2', 'zvanhault8@twitpic.com', '2020-02-19', NULL, NULL, 9, 13, 4, 4, NULL, 0, NULL, NULL),
(295, '4', 'mmaycockg@sfgate.com', '2020-02-19', NULL, NULL, 9, 13, 4, 4, NULL, 0, NULL, NULL),
(296, '4', 'rclynmans9@gravatar.com', '2020-02-19', NULL, NULL, 9, 13, 4, 4, NULL, 0, NULL, NULL),
(297, '4', 'rferrandn@wufoo.com', '2020-02-19', NULL, NULL, 9, 13, 4, 4, NULL, 0, NULL, NULL),
(298, '4', 'storri3@surveymonkey.com', '2020-02-19', NULL, NULL, 9, 13, 4, 4, NULL, 0, NULL, NULL),
(299, '4', 'tbeldani@google.fr', '2020-02-19', NULL, NULL, 9, 13, 4, 4, NULL, 0, NULL, NULL),
(300, '4', 'tgrimes1@linkedin.com', '2020-02-19', NULL, NULL, 9, 13, 4, 4, NULL, 0, NULL, NULL),
(301, '4', 'ustouteh@paginegialle.it', '2020-02-19', NULL, NULL, 9, 13, 4, 4, NULL, 0, NULL, NULL),
(302, '4', 'hszachniewicz7@eventbrite.com', '2020-02-19', NULL, NULL, 1, 1, 4, 0, 4, 0, NULL, NULL),
(303, '1', 'acookek@nps.gov', '2020-02-26', NULL, NULL, 1, 1, 110, 0, NULL, 1, NULL, NULL),
(304, '2', 'ajardeinl@163.com', '2020-02-26', NULL, NULL, 1, 1, 110, 0, NULL, 1, NULL, NULL),
(305, '3', 'azeale0@linkedin.com', '2020-02-26', NULL, NULL, 1, 1, 110, 0, NULL, 1, NULL, NULL),
(306, '4', 'bjuggingj@alibaba.com', '2020-02-26', NULL, NULL, 1, 1, 110, 0, NULL, 1, NULL, NULL),
(307, '4', 'chackinga@g.co', '2020-02-26', NULL, NULL, 1, 1, 110, 0, NULL, 1, NULL, NULL),
(308, '4', 'cweineb@businessinsider.com', '2020-02-26', NULL, NULL, 1, 1, 110, 0, NULL, 1, NULL, NULL),
(309, '4', 'ecoalburnm@cnbc.com', '2020-02-26', NULL, NULL, 1, 1, 110, 0, NULL, 1, NULL, NULL),
(310, '4', 'dmycockf@posterous.com', '2020-02-26', NULL, NULL, 1, 1, 110, 0, NULL, 1, NULL, NULL),
(311, '4', 'evellad@fc2.com', '2020-02-26', NULL, NULL, 1, 1, 110, 0, NULL, 1, NULL, NULL),
(312, '4', 'fdecourtc@hp.com', '2020-02-26', NULL, NULL, 1, 1, 110, 0, NULL, 1, NULL, NULL),
(313, '4', 'hnatalie6@networkadvertising.org', '2020-02-26', NULL, NULL, 1, 1, 110, 0, NULL, 1, NULL, NULL),
(314, '4', 'iallnatto@e-recht24.de', '2020-02-26', NULL, NULL, 14, 17, 110, 3, NULL, 1, NULL, NULL),
(315, '4', 'jbenniee@epa.gov', '2020-02-26', NULL, NULL, 14, 17, 110, 3, NULL, 1, NULL, NULL),
(316, '4', 'ktrouel4@alexa.com', '2020-02-26', NULL, NULL, 14, 17, 110, 3, NULL, 1, NULL, NULL),
(317, '4', 'lblasiak2@amazonaws.com', '2020-02-26', NULL, NULL, 14, 17, 110, 3, NULL, 1, NULL, NULL),
(318, '4', 'lrodnight5@123-reg.co.uk', '2020-02-26', NULL, NULL, 14, 17, 110, 3, NULL, 1, NULL, NULL),
(319, '2', 'zvanhault8@twitpic.com', '2020-02-26', NULL, NULL, 14, 17, 110, 3, NULL, 1, NULL, NULL),
(320, '4', 'mmaycockg@sfgate.com', '2020-02-26', NULL, NULL, 14, 17, 110, 3, NULL, 1, NULL, NULL),
(321, '4', 'rclynmans9@gravatar.com', '2020-02-26', NULL, NULL, 14, 17, 110, 3, NULL, 1, NULL, NULL),
(322, '4', 'rferrandn@wufoo.com', '2020-02-26', NULL, NULL, 14, 17, 110, 3, NULL, 1, NULL, NULL),
(323, '4', 'storri3@surveymonkey.com', '2020-02-26', NULL, NULL, 14, 17, 110, 3, NULL, 1, NULL, NULL),
(324, '4', 'tbeldani@google.fr', '2020-02-26', NULL, NULL, 14, 17, 110, 3, NULL, 1, NULL, NULL),
(325, '4', 'tgrimes1@linkedin.com', '2020-02-26', NULL, NULL, 14, 17, 110, 3, NULL, 1, NULL, NULL),
(326, '4', 'ustouteh@paginegialle.it', '2020-02-26', NULL, NULL, 14, 17, 110, 3, NULL, 1, NULL, NULL),
(327, '4', 'hszachniewicz7@eventbrite.com', '2020-02-26', NULL, NULL, 14, 17, 110, 3, 0, 1, NULL, NULL),
(328, '1', 'lucabaldassarri94@gmail.com', '2020-02-10', NULL, NULL, 8.5, 11.5, 124, 2.5, NULL, 0, NULL, NULL),
(329, '2', 'frenci.carnevali@gmail.com', '2020-02-10', NULL, NULL, 8.5, 11, 124, 2.5, NULL, 0, NULL, NULL),
(330, '3', 'giacomocorezzi1999@gmail.com', '2020-02-10', NULL, NULL, 8.5, 8.33, 124, 2.5, NULL, 0, NULL, NULL),
(331, '4', 'dangeli050@gmail.com', '2020-02-10', NULL, NULL, 8.5, 11, 124, 2.5, NULL, 0, NULL, NULL),
(332, '4', 'francesco.delfagio@gmail.com', '2020-02-10', NULL, NULL, 8.5, 11, 124, 2.5, NULL, 0, NULL, NULL),
(333, '4', 'diromaalessandro@gmail.com', '2020-02-10', NULL, NULL, 8.53, 11, 124, 2.5, NULL, 0, NULL, NULL),
(334, '4', 'ferranteemaldi@hotmail.it', '2020-02-10', NULL, NULL, 8.5, 11, 124, 2.5, NULL, 0, NULL, NULL),
(335, '4', 'elyes.ghoul@gmail.com', '2020-02-10', NULL, NULL, 8.5, 11, 124, 2.5, NULL, 0, NULL, NULL),
(336, '4', 'simonegrassisimone@gmail.com', '2020-02-10', NULL, NULL, 8.5, 11, 124, 2.5, NULL, 0, NULL, NULL),
(337, '4', 'amicoexe@gmail.com', '2020-02-10', NULL, NULL, 8.5, 11, 124, 2.5, NULL, 0, NULL, NULL),
(338, '4', 'zh.colombarone@gmail.com', '2020-02-10', NULL, NULL, 8.5, 11, 124, 2.5, NULL, 0, NULL, NULL),
(339, '4', 'enorel@gmail.com', '2020-02-10', NULL, NULL, 8.5, 11.2, 124, 2.5, NULL, 0, NULL, NULL),
(340, '4', 'mad_tyrion@libero.it', '2020-02-10', NULL, NULL, 8.5, 11, 124, 2.5, NULL, 0, NULL, NULL),
(341, '4', 'maurojmanzo@gmail.com', '2020-02-10', NULL, NULL, 8.5, 11, 124, 2.5, NULL, 0, NULL, NULL),
(342, '4', 'daniele.marocchi97@gmail.com', '2020-02-10', NULL, NULL, 8.5, 11, 124, 2.5, NULL, 0, NULL, NULL),
(343, '4', 'musso98@outlook.com', '2020-02-10', NULL, NULL, 8.5, 11, 124, 2.5, NULL, 0, NULL, NULL),
(344, '2', 'francescopedulli@gmail.com', '2020-02-10', NULL, NULL, 8.5, 11, 124, 2.5, NULL, 0, NULL, NULL),
(345, '4', 'alberto.spinardi.jr@outlook.it', '2020-02-10', NULL, NULL, 8.5, 11, 124, 2.5, NULL, 0, NULL, NULL),
(346, '4', 'max26061997@gmail.com', '2020-02-10', NULL, NULL, 8.5, 11, 124, 2.5, NULL, 0, NULL, NULL),
(347, '4', 'pietro.ventriglia@gmail.com', '2020-02-10', NULL, NULL, 8.5, 11, 124, 2.5, NULL, 0, NULL, NULL),
(348, '4', 'mvmiki.viti@gmail.com', '2020-02-10', NULL, NULL, 8.5, 11, 124, 2.5, NULL, 0, NULL, NULL),
(349, '4', 'zonaniccolo92@gmail.com', '2020-02-10', NULL, NULL, 8.5, 11, 124, 2.5, NULL, 0, NULL, NULL);

-- --------------------------------------------------------

--
-- Struttura della tabella `signatures_teachers`
--

DROP TABLE IF EXISTS `signatures_teachers`;
CREATE TABLE IF NOT EXISTS `signatures_teachers` (
  `id` int(11) NOT NULL AUTO_INCREMENT,
  `email_responsible` varchar(50) COLLATE utf8_unicode_ci NOT NULL,
  `date` varchar(10) COLLATE utf8_unicode_ci DEFAULT NULL,
  `current_start_time` timestamp NULL DEFAULT NULL,
  `current_end_time` timestamp NULL DEFAULT NULL,
  `final_start_time` float DEFAULT NULL,
  `final_end_time` float DEFAULT NULL,
  `id_lesson` int(11) DEFAULT NULL,
  `hours_of_lessons` float DEFAULT NULL,
  `lost_hours` float DEFAULT NULL,
  `email_supervisor_modify` varchar(50) COLLATE utf8_unicode_ci DEFAULT NULL,
  `modify_date` varchar(10) COLLATE utf8_unicode_ci DEFAULT NULL,
  PRIMARY KEY (`id`)
) ENGINE=InnoDB AUTO_INCREMENT=95 DEFAULT CHARSET=utf8 COLLATE=utf8_unicode_ci;

--
-- Dump dei dati per la tabella `signatures_teachers`
--

INSERT INTO `signatures_teachers` (`id`, `email_responsible`, `date`, `current_start_time`, `current_end_time`, `final_start_time`, `final_end_time`, `id_lesson`, `hours_of_lessons`, `lost_hours`, `email_supervisor_modify`, `modify_date`) VALUES
(1, 'simone@info.com', '2020-02-10', NULL, NULL, 14, 18, 2, 4, NULL, NULL, NULL),
(2, 'michele@info.com', '2020-02-10', NULL, NULL, 8.5, 11, 1, 2.5, NULL, NULL, NULL),
(3, 'matteo@info.com', '2020-02-11', NULL, NULL, 9, 13, 120, 4, NULL, NULL, NULL),
(4, 'michele@info.com', '2020-02-11', NULL, NULL, 14, 17, 121, 3, NULL, NULL, NULL),
(5, 'brizio@info.com', '2020-02-12', NULL, NULL, 14, 18, 119, 4, NULL, NULL, NULL),
(6, 'simone@info.com', '2020-02-13', NULL, NULL, 9, 13, 117, 4, NULL, NULL, NULL),
(7, 'matteo@info.com', '2020-02-13', NULL, NULL, 14, 17, 118, 3, NULL, NULL, NULL),
(8, 'simone@info.com', '2020-02-17', NULL, NULL, 9.5, 12, 113, 2.5, NULL, NULL, NULL),
(9, 'michele@info.com', '2020-02-17', NULL, NULL, 13, 16, 116, 3, NULL, NULL, NULL),
(10, 'matteo@info.com', '2020-02-18', NULL, NULL, 9, 13, 111, 4, NULL, NULL, NULL),
(11, 'brizio@info.com', '2020-02-18', NULL, NULL, 14, 18, 112, 4, NULL, NULL, NULL),
(12, 'michele@info.com', '2020-02-19', NULL, NULL, 9, 13, 4, 4, NULL, NULL, NULL),
(13, 'michele@info.com', '2020-02-26', NULL, NULL, 14, 17, 110, 3, NULL, NULL, NULL),
(15, 'matteo@info.com', '2020-03-06', NULL, NULL, 9, 13, 125, 4, NULL, NULL, NULL),
(16, 'michele@info.com', '2020-03-10', NULL, NULL, 14, 17, 124, 3, NULL, NULL, NULL),
(34, 'matteo@info.com', '2020-03-25', NULL, NULL, 9, 13, 111, 4, NULL, NULL, NULL),
(61, 'matteo@info.com', '2020-03-26', NULL, NULL, 9, 13, 154, 4, NULL, NULL, NULL),
(62, 'matteo@info.com', '2020-03-26', NULL, NULL, 9, 13, 154, 4, NULL, NULL, NULL),
(63, 'matteo@info.com', '2020-03-26', NULL, NULL, 9, 13, 154, 4, NULL, NULL, NULL),
(64, 'matteo@info.com', '2020-03-26', NULL, NULL, 9, 13, 154, 4, NULL, NULL, NULL),
(65, 'matteo@info.com', '2020-03-26', NULL, NULL, 9, 13, 154, 4, NULL, NULL, NULL),
(66, 'matteo@info.com', '2020-03-26', NULL, NULL, 9, 13, 154, 4, NULL, NULL, NULL),
(67, 'matteo@info.com', '2020-03-26', NULL, NULL, 9, 13, 154, 4, NULL, NULL, NULL),
(68, 'matteo@info.com', '2020-03-26', NULL, NULL, 9, 13, 154, 4, NULL, NULL, NULL),
(69, 'matteo@info.com', '2020-03-26', NULL, NULL, 9, 13, 154, 4, NULL, NULL, NULL),
(70, 'matteo@info.com', '2020-03-26', NULL, NULL, 9, 13, 154, 4, NULL, NULL, NULL),
(71, 'matteo@info.com', '2020-03-26', NULL, NULL, 9, 13, 154, 4, NULL, NULL, NULL),
(72, 'matteo@info.com', '2020-03-26', NULL, NULL, 9, 13, 154, 4, NULL, NULL, NULL),
(73, 'matteo@info.com', '2020-03-26', NULL, NULL, 9, 13, 154, 4, NULL, NULL, NULL),
(74, 'matteo@info.com', '2020-03-26', NULL, NULL, 9, 13, 154, 4, NULL, NULL, NULL),
(75, 'matteo@info.com', '2020-03-26', NULL, NULL, 9, 13, 154, 4, NULL, NULL, NULL),
(76, 'matteo@info.com', '2020-03-26', NULL, NULL, 9, 13, 154, 4, NULL, NULL, NULL),
(77, 'matteo@info.com', '2020-03-26', NULL, NULL, 14, 17, 118, 3, NULL, NULL, NULL),
(78, 'matteo@info.com', '2020-03-26', NULL, NULL, 14, 17, 118, 3, NULL, NULL, NULL),
(79, 'matteo@info.com', '2020-03-26', NULL, NULL, 14, 17, 118, 3, NULL, NULL, NULL),
(80, 'matteo@info.com', '2020-03-26', NULL, NULL, 14, 17, 118, 3, NULL, NULL, NULL),
(81, 'matteo@info.com', '2020-03-26', NULL, NULL, 14, 17, 118, 3, NULL, NULL, NULL),
(82, 'matteo@info.com', '2020-03-26', NULL, NULL, 14, 17, 118, 3, NULL, NULL, NULL),
(83, 'matteo@info.com', '2020-03-26', NULL, NULL, 14, 17, 118, 3, NULL, NULL, NULL),
(84, 'matteo@info.com', '2020-03-26', NULL, NULL, 14, 17, 118, 3, NULL, NULL, NULL),
(85, 'matteo@info.com', '2020-03-26', NULL, NULL, 14, 17, 118, 3, NULL, NULL, NULL),
(86, 'matteo@info.com', '2020-03-26', NULL, NULL, 14, 17, 118, 3, NULL, NULL, NULL),
(87, 'matteo@info.com', '2020-03-26', NULL, NULL, 14, 17, 118, 3, NULL, NULL, NULL),
(88, 'matteo@info.com', '2020-03-26', NULL, NULL, 14, 17, 118, 3, NULL, NULL, NULL),
(89, 'matteo@info.com', '2020-03-26', NULL, NULL, 14, 17, 118, 3, NULL, NULL, NULL),
(90, 'matteo@info.com', '2020-03-26', NULL, NULL, 14, 17, 118, 3, NULL, NULL, NULL),
(91, 'matteo@info.com', '2020-03-26', NULL, NULL, 14, 17, 118, 3, NULL, NULL, NULL),
(92, 'matteo@info.com', '2020-03-26', NULL, NULL, 14, 17, 118, 3, NULL, NULL, NULL),
(93, 'matteo@info.com', '2020-03-26', NULL, NULL, 14, 17, 118, 3, NULL, NULL, NULL),
(94, 'matteo@info.com', '2020-03-26', NULL, NULL, 14, 17, 154, 3, NULL, NULL, NULL);

-- --------------------------------------------------------

--
-- Struttura della tabella `students`
--

DROP TABLE IF EXISTS `students`;
CREATE TABLE IF NOT EXISTS `students` (
  `email` varchar(50) COLLATE utf8_unicode_ci NOT NULL,
  `first_name` varchar(50) COLLATE utf8_unicode_ci DEFAULT NULL,
  `last_name` varchar(50) COLLATE utf8_unicode_ci DEFAULT NULL,
  `date_of_birth` varchar(10) COLLATE utf8_unicode_ci DEFAULT NULL,
  `residence` varchar(50) COLLATE utf8_unicode_ci NOT NULL,
  `fiscal_code` varchar(16) COLLATE utf8_unicode_ci NOT NULL,
  `id_course` int(11) DEFAULT NULL,
  `ritirato` int(11) NOT NULL,
  PRIMARY KEY (`email`)
) ENGINE=InnoDB DEFAULT CHARSET=utf8 COLLATE=utf8_unicode_ci;

--
-- Dump dei dati per la tabella `students`
--

INSERT INTO `students` (`email`, `first_name`, `last_name`, `date_of_birth`, `residence`, `fiscal_code`, `id_course`, `ritirato`) VALUES
('acookek@nps.gov', 'Angilo', 'Cooke', '30/08/2019', 'Kanye', 'VLLRNN10E21L736C', 1, 0),
('ajardeinl@163.com', 'Antonio', 'Jasd', '08/01/2020', 'Espaa', 'VLLRNN10E21L736C', 1, 0),
('alberto.spinardi.jr@outlook.it', 'alberto junior', 'spinardi', '08/07/1999', 'via nino bixio n. 35', 'SPNLRT99L08H294M', 3, 0),
('amicoexe@gmail.com', 'leonardo', 'grandolfo', '17/04/1999', 'via san michele 22', 'GRNLRD99D17L219L', 3, 0),
('azeale0@linkedin.com', 'Bombazza', 'Zeales', '25/11/2020', 'Pshadas', 'VLLRNN10E21L736T', 1, 0),
('bjuggingj@alibaba.com', 'Bernadine', 'camelio', '25/03/2019', 'Lebedyan', 'ZNONCL92P30G596D', 1, 0),
('chackinga@g.co', 'Charmione', 'Hackinge', '23/02/2017', 'Ballitovillee', 'VLLRNN10E21L736D', 1, 0),
('cweineb@businessinsider.com', 'Colene', 'Weine', '04/09/2019', 'Mymay', 'CSSNSC09P47H501F', 1, 0),
('dangeli050@gmail.com', 'andrea', 'd\'angeli', '02/07/1999', 'via luigi zuppetta 17', 'DNGNDR99L02H294L', 3, 0),
('daniele.marocchi97@gmail.com', 'daniele', 'marocchi', '24/10/1997', 'via s. serripini n. 14', 'MRCDNL97R24D704U', 3, 0),
('diromaalessandro@gmail.com', 'alessandro', 'di roma', '27/11/1998', 'via ravennate 8187', 'DRMLSN98S27H294M', 3, 0),
('dmycockf@posterous.com', 'Deck', 'Mycock', '18/08/2019', 'Rudo', 'FDLDDE02P70C351K', 1, 0),
('ecoalburnm@cnbc.com', 'Evy', 'Coalburn', '13/11/2020', 'Changtang', 'CSSNSC09P47H501F', 1, 0),
('elyes.ghoul@gmail.com', 'elyes', 'ghoul', '10/07/1999', 'via darwin n. 12', 'GHLLYS99L10H294P', 3, 0),
('enorel@gmail.com', 'enore', 'lasi', '22/11/1973', 'via celletta 14/a', 'LSANRE73S22E289V', 3, 0),
('evellad@fc2.com', 'Erie', 'Vella', '06/12/2019', 'Bangrat', 'FDLDDE02P70C351K', 1, 0),
('fdecourtc@hp.com', 'Forest', 'Decourt', '12/07/2019', 'Jaki', 'CSSNSC09P47H501F', 1, 0),
('ferranteemaldi@hotmail.it', 'ferrante', 'emaldi', '17/10/1991', 'via firenze 238', 'MLDFRN91R17A944O', 3, 0),
('francesco.delfagio@gmail.com', 'francesco', 'del fagio', '06/02/1994', 'via giuseppe sarti n. 16', 'DLFFNC94B06D458E', 3, 0),
('francescopedulli@gmail.com', 'francesco', 'pedulli', '15/06/1997', 'via plauto n. 28', 'PDLFNC97H15A944A', 3, 0),
('frenci.carnevali@gmail.com', 'francesco', 'carnevali', '12/07/1997', 'via bonacini 5', 'CRNFNC97L12F257J', 3, 0),
('genny92@gmail.com', 'genny', 'savastano', '25/30/1992', 'via marinelli 25', 'ZNONCL92P30G596T', 3, 0),
('giacomocorezzi1999@gmail.com', 'giacomo', 'corezzi', '06/09/1999', 'via giuseppe bonci 57', 'CRZGCM99P06A851K', 3, 0),
('hnatalie6@networkadvertising.org', 'Harriett', 'Natalie', '14/02/2020', 'Eldoret', 'VLLRNN10E21L736C', 1, 0),
('hszachniewicz7@eventbrite.com', 'Howie', 'Szachniewicz', '15/11/2019', 'Linares', 'FDLDDE02P70C351K', 1, 0),
('iallnatto@e-recht24.de', 'Inger', 'Allnatt', '16/03/2019', 'Rizri', 'DOJNFJ92P30G596P', 1, 0),
('jbenniee@epa.gov', 'Jeri', 'Bennie', '06/10/2019', 'Hengtang', 'CSSNSC09P47H501F', 1, 0),
('ktrouel4@alexa.com', 'Katie', 'Trouel', '15/02/2020', 'Osiek', 'FDLDDE02P70C351K', 1, 0),
('lblasiak2@amazonaws.com', 'Lexine', 'Blasiak', '14/06/2019', 'Kugesi', 'VLLRNN10E21L736C', 1, 0),
('lrodnight5@123-reg.co.uk', 'Lexy', 'Rodnight', '07/07/2019', 'Cachoeiras de Macacu', 'CSSNSC09P47H501F', 1, 0),
('lucabaldassarri94@gmail.com', 'luca', 'baldassari', '27/03/1994', 'via del lavoro 21/b', 'BLDLCU94C27C357E', 3, 0),
('mad_tyrion@libero.it', 'giulio', 'lega', '28/12/1988', 'via gorizia n. 100', 'LGEGLI88T28C573Y', 3, 0),
('maurojmanzo@gmail.com', 'mauro johnathan', 'manzo', '06/05/1994', 'via madonnina n. 10', 'MNZMJH94E06I483T', 3, 0),
('max26061997@gmail.com', 'massimo', 'tamburini', '26/06/1997', 'via portoferrario 14', 'TMBMSM97H26H294Y', 3, 0),
('mmaycockg@sfgate.com', 'Martie', 'Maycock', '13/09/2019', 'Ueki', 'SLVLEI07R24C351Y', 1, 1),
('musso98@outlook.com', 'matteo', 'mussoni', '12/11/1998', 'via flavio biondo n. 52', 'MSSMTT98S12C573N', 3, 0),
('mvmiki.viti@gmail.com', 'michele', 'vitali', '08/04/1999', 'via vasto 1', 'VTLMHL99D08H294D', 3, 0),
('pietro.ventriglia@gmail.com', 'pietro silvestro', 'ventriglia', '30/06/1994', 'via guglielmo marconi n. 53/g', 'VNTPRS94H30Z114D', 3, 0),
('rclynmans9@gravatar.com', 'Rosa', 'Clynmans', '24/06/2019', 'Taoyao', 'MZZRLF02C30D612Y', 1, 0),
('rferrandn@wufoo.com', 'Rossien', 'Ferrandn', '10/12/2020', 'Dentonn', 'CSSNSC09P47H501D', 1, 0),
('simonegrassisimone@gmail.com', 'simone', 'grassi', '01/08/1999', 'via dei vigneti 338', 'GRSSMN99M01H294P', 3, 0),
('storri3@surveymonkey.com', 'Sofie', 'Torri', '23/02/2019', 'Kushtia', 'FDLDDE02P70C351K', 1, 0),
('tbeldani@google.fr', 'Tades', 'Beldan', '03/03/2019', 'Galitsy', 'VLLRNN10E21L736C', 1, 0),
('tgrimes1@linkedin.com', 'Torieew', 'Grimes', '01/12/2019', 'Geshan', 'CSSNSC09P47H501F', 1, 0),
('ustouteh@paginegialle.it', 'Ursuline', 'Stoute', '11/11/2019', 'Zhonggang', 'VLLRNN10E21L736C', 1, 0),
('valmori.paolo@gmail.com', 'paolo', 'valmori', '29/03/1993', 'via risorgimento n. 252', 'VLMPLA93C29A944O', 3, 0),
('zh.colombarone@gmail.com', 'zakaria', 'habibi', '02/10/1996', 'strada di vincolungo n. 4', 'HBBZKR96R02L500X', 3, 0),
('zonaniccolo92@gmail.com', 'niccol', 'zona', '30/09/1992', 'via bizzarri n. 70', 'ZNONCL92P30G596T', 3, 0),
('zvanhault8@twitpic.com', 'Zabrina', 'Van Hault', '24/08/2019', 'La Agustina', 'ZNONCL65P24G596T', 1, 0);

-- --------------------------------------------------------

--
-- Struttura della tabella `supervisors`
--

DROP TABLE IF EXISTS `supervisors`;
CREATE TABLE IF NOT EXISTS `supervisors` (
  `email_responsible` varchar(50) COLLATE utf8_unicode_ci NOT NULL,
  `id_course` int(11) NOT NULL,
  PRIMARY KEY (`email_responsible`,`id_course`)
) ENGINE=InnoDB DEFAULT CHARSET=utf8 COLLATE=utf8_unicode_ci;

--
-- Dump dei dati per la tabella `supervisors`
--

INSERT INTO `supervisors` (`email_responsible`, `id_course`) VALUES
('luca@info.com', 1),
('luca@info.com', 3);

-- --------------------------------------------------------

--
-- Struttura della tabella `teachers`
--

DROP TABLE IF EXISTS `teachers`;
CREATE TABLE IF NOT EXISTS `teachers` (
  `email_responsible` varchar(50) COLLATE utf8_unicode_ci NOT NULL,
  `first_name` varchar(50) COLLATE utf8_unicode_ci DEFAULT NULL,
  `last_name` varchar(50) COLLATE utf8_unicode_ci DEFAULT NULL,
  `id_course` int(11) DEFAULT NULL,
  `companies_id` int(11) DEFAULT NULL,
  `ritirato` int(11) NOT NULL,
  PRIMARY KEY (`email_responsible`)
) ENGINE=InnoDB DEFAULT CHARSET=utf8 COLLATE=utf8_unicode_ci;

--
-- Dump dei dati per la tabella `teachers`
--

INSERT INTO `teachers` (`email_responsible`, `first_name`, `last_name`, `id_course`, `companies_id`, `ritirato`) VALUES
('brizio@info.com', 'Cesare', 'Brizio', 1, 3, 0),
('matteo@info.com', 'Matteo', 'Mascellani', 1, 2, 0),
('michele@info.com', 'Michele', 'lampado', 1, 1, 0),
('simone@info.com', 'simone', 'd\'amico', 1, 1, 0);

-- --------------------------------------------------------

--
-- Struttura della tabella `type_lesson`
--

DROP TABLE IF EXISTS `type_lesson`;
CREATE TABLE IF NOT EXISTS `type_lesson` (
  `id` int(11) NOT NULL AUTO_INCREMENT,
  `name` varchar(50) NOT NULL,
  PRIMARY KEY (`id`)
) ENGINE=MyISAM DEFAULT CHARSET=latin1;
COMMIT;

/*!40101 SET CHARACTER_SET_CLIENT=@OLD_CHARACTER_SET_CLIENT */;
/*!40101 SET CHARACTER_SET_RESULTS=@OLD_CHARACTER_SET_RESULTS */;
/*!40101 SET COLLATION_CONNECTION=@OLD_COLLATION_CONNECTION */;
